"PACKAGE","VERSION","LICENSE","LICENSE FILES","SOURCE ARCHIVE","SOURCE SITE","DEPENDENCIES WITH LICENSES"
"gcc-final","11.4.0","GPL-3.0-with-GCC-exception","COPYING.RUNTIME","gcc-11.4.0.tar.xz","http://ftpmirror.gnu.org/gcc/gcc-11.4.0","glibc [GPL-2.0+ (programs), LGPL-2.1+, BSD-3-Clause, MIT (library)] linux-headers [GPL-2.0] skeleton-init-common [unknown] skeleton-init-systemd [unknown]"
"glibc","2.39-5-ge0910f1d3278f05439fb434ee528fc9be1b6bd5e","GPL-2.0+ (programs), LGPL-2.1+, BSD-3-Clause, MIT (library)","COPYING COPYING.LIB LICENSES","glibc-2.39-5-ge0910f1d3278f05439fb434ee528fc9be1b6bd5e.tar.gz","https://github.com/bminor/glibc/archive/2.39-5-ge0910f1d3278f05439fb434ee528fc9be1b6bd5e","linux-headers [GPL-2.0] skeleton-init-common [unknown] skeleton-init-systemd [unknown]"
"linux-headers","custom","GPL-2.0","","linux-0b54dbda3cca2beb51e236a25738784e90853b64.tar.gz","https://github.com/raspberrypi/linux/archive/0b54dbda3cca2beb51e236a25738784e90853b64","skeleton-init-common [unknown] skeleton-init-systemd [unknown]"
"busybox","1.36.1","GPL-2.0, bzip2-1.0.4","LICENSE archival/libarchive/bz/LICENSE","busybox-1.36.1.tar.bz2","https://www.busybox.net/downloads","expat [MIT] fbset [GPL-2.0] fontconfig [fontconfig license] freetype [FTL or GPL-2.0+] gcc-final [GPL-3.0-with-GCC-exception] glibc [GPL-2.0+ (programs), LGPL-2.1+, BSD-3-Clause, MIT (library)] iproute2 [GPL-2.0+] kmod [LGPL-2.1+ (library) , GPL-2.0+ (tools)] libcap [GPL-2.0 or BSD-3-Clause] libffi [MIT] libopenssl [Apache-2.0] libpng [Libpng-2.0] libxcb [MIT] libxcrypt [LGPL-2.1+] libzlib [Zlib] linux-headers [GPL-2.0] ncurses [MIT with advertising clause] python3 [Python-2.0, others] skeleton-init-common [unknown] skeleton-init-systemd [unknown] sqlite [blessing] systemd [LGPL-2.1+, GPL-2.0+ (udev), Public Domain (few source files, see LICENSES/README.md), BSD-2-Clause (eBPF instruction mini library), BSD-3-Clause (tools/chromiumos), CC0-1.0 (few source files, see LICENSES/README.md), GPL-2.0 with Linux-syscall-note (linux kernel headers), MIT-0 (few source files, see LICENSES/README.md), MIT (few source files, see LICENSES/README.md), OFL-1.1 (Heebo fonts)] tcl [TCL] tk [TCL] util-linux [GPL-2.0+, BSD-4-Clause, LGPL-2.1+ (libblkid, libfdisk, libmount), BSD-3-Clause (libuuid), BSD-2-Clause (xxhash), ISC (rfkill)] util-linux-libs [LGPL-2.1+ (libblkid, libfdisk, libmount), BSD-3-Clause (libuuid)] xcb-proto [MIT] xlib_libX11 [MIT] xlib_libXau [MIT] xlib_libXdmcp [MIT] xlib_libXext [MIT] xlib_libXft [MIT] xlib_libXrender [MIT] xlib_xtrans [MIT] xorgproto [MIT] xutil_util-macros [MIT]"
"fbset","2.1","GPL-2.0","fbset.c","fbset-2.1.tar.gz","http://users.telenet.be/geertu/Linux/fbdev","gcc-final [GPL-3.0-with-GCC-exception] glibc [GPL-2.0+ (programs), LGPL-2.1+, BSD-3-Clause, MIT (library)] linux-headers [GPL-2.0] skeleton-init-common [unknown] skeleton-init-systemd [unknown]"
"iproute2","6.8.0","GPL-2.0+","COPYING","iproute2-6.8.0.tar.xz","https://cdn.kernel.org/pub/linux/utils/net/iproute2","gcc-final [GPL-3.0-with-GCC-exception] glibc [GPL-2.0+ (programs), LGPL-2.1+, BSD-3-Clause, MIT (library)] libcap [GPL-2.0 or BSD-3-Clause] linux-headers [GPL-2.0] skeleton-init-common [unknown] skeleton-init-systemd [unknown]"
"libcap","2.69","GPL-2.0 or BSD-3-Clause","License","libcap-2.69.tar.xz","https://www.kernel.org/pub/linux/libs/security/linux-privs/libcap2","gcc-final [GPL-3.0-with-GCC-exception] glibc [GPL-2.0+ (programs), LGPL-2.1+, BSD-3-Clause, MIT (library)] linux-headers [GPL-2.0] skeleton-init-common [unknown] skeleton-init-systemd [unknown]"
"kmod","31","LGPL-2.1+ (library), GPL-2.0+ (tools)","libkmod/COPYING COPYING","kmod-31.tar.xz","https://cdn.kernel.org/pub/linux/utils/kernel/kmod","gcc-final [GPL-3.0-with-GCC-exception] glibc [GPL-2.0+ (programs), LGPL-2.1+, BSD-3-Clause, MIT (library)] libopenssl [Apache-2.0] libzlib [Zlib] linux-headers [GPL-2.0] skeleton-init-common [unknown] skeleton-init-systemd [unknown]"
"libopenssl","3.3.0","Apache-2.0","LICENSE.txt","openssl-3.3.0.tar.gz","https://www.openssl.org/source","gcc-final [GPL-3.0-with-GCC-exception] glibc [GPL-2.0+ (programs), LGPL-2.1+, BSD-3-Clause, MIT (library)] libzlib [Zlib] linux-headers [GPL-2.0] skeleton-init-common [unknown] skeleton-init-systemd [unknown]"
"libzlib","1.3.1","Zlib","LICENSE","zlib-1.3.1.tar.xz","https://www.zlib.net","gcc-final [GPL-3.0-with-GCC-exception] glibc [GPL-2.0+ (programs), LGPL-2.1+, BSD-3-Clause, MIT (library)] linux-headers [GPL-2.0] skeleton-init-common [unknown] skeleton-init-systemd [unknown]"
"systemd","254.9","LGPL-2.1+, GPL-2.0+ (udev), Public Domain (few source files, see LICENSES/README.md), BSD-2-Clause (eBPF instruction mini library), BSD-3-Clause (tools/chromiumos), CC0-1.0 (few source files, see LICENSES/README.md), GPL-2.0 with Linux-syscall-note (linux kernel headers), MIT-0 (few source files, see LICENSES/README.md), MIT (few source files, see LICENSES/README.md), OFL-1.1 (Heebo fonts)","LICENSE.GPL2 LICENSE.LGPL2.1 LICENSES/BSD-2-Clause.txt LICENSES/BSD-3-Clause.txt LICENSES/CC0-1.0.txt LICENSES/LGPL-2.0-or-later.txt LICENSES/Linux-syscall-note.txt LICENSES/lookup3-public-domain.txt LICENSES/MIT-0.txt LICENSES/MIT.txt LICENSES/murmurhash2-public-domain.txt LICENSES/OFL-1.1.txt LICENSES/README.md","systemd-254.9.tar.gz","https://github.com/systemd/systemd-stable/archive/v254.9","gcc-final [GPL-3.0-with-GCC-exception] glibc [GPL-2.0+ (programs), LGPL-2.1+, BSD-3-Clause, MIT (library)] kmod [LGPL-2.1+ (library) , GPL-2.0+ (tools)] libcap [GPL-2.0 or BSD-3-Clause] libopenssl [Apache-2.0] libxcrypt [LGPL-2.1+] libzlib [Zlib] linux-headers [GPL-2.0] skeleton-init-common [unknown] skeleton-init-systemd [unknown] util-linux-libs [LGPL-2.1+ (libblkid, libfdisk, libmount), BSD-3-Clause (libuuid)]"
"libxcrypt","4.4.36","LGPL-2.1+","LICENSING COPYING.LIB","libxcrypt-4.4.36.tar.xz","https://github.com/besser82/libxcrypt/releases/download/v4.4.36","gcc-final [GPL-3.0-with-GCC-exception] glibc [GPL-2.0+ (programs), LGPL-2.1+, BSD-3-Clause, MIT (library)] linux-headers [GPL-2.0] skeleton-init-common [unknown] skeleton-init-systemd [unknown]"
"util-linux-libs","2.39.3","LGPL-2.1+ (libblkid, libfdisk, libmount), BSD-3-Clause (libuuid)","README.licensing Documentation/licenses/COPYING.BSD-3-Clause Documentation/licenses/COPYING.LGPL-2.1-or-later","util-linux-2.39.3.tar.xz","https://cdn.kernel.org/pub/linux/utils/util-linux/v2.39","gcc-final [GPL-3.0-with-GCC-exception] glibc [GPL-2.0+ (programs), LGPL-2.1+, BSD-3-Clause, MIT (library)] libxcrypt [LGPL-2.1+] linux-headers [GPL-2.0] skeleton-init-common [unknown] skeleton-init-systemd [unknown]"
"util-linux","2.39.3","GPL-2.0+, BSD-4-Clause, LGPL-2.1+ (libblkid, libfdisk, libmount), BSD-3-Clause (libuuid), BSD-2-Clause (xxhash), ISC (rfkill)","README.licensing Documentation/licenses/COPYING.BSD-3-Clause Documentation/licenses/COPYING.BSD-4-Clause-UC Documentation/licenses/COPYING.GPL-2.0-or-later Documentation/licenses/COPYING.ISC Documentation/licenses/COPYING.LGPL-2.1-or-later","util-linux-2.39.3.tar.xz","https://cdn.kernel.org/pub/linux/utils/util-linux/v2.39","expat [MIT] fontconfig [fontconfig license] freetype [FTL or GPL-2.0+] gcc-final [GPL-3.0-with-GCC-exception] glibc [GPL-2.0+ (programs), LGPL-2.1+, BSD-3-Clause, MIT (library)] kmod [LGPL-2.1+ (library) , GPL-2.0+ (tools)] libcap [GPL-2.0 or BSD-3-Clause] libffi [MIT] libopenssl [Apache-2.0] libpng [Libpng-2.0] libxcb [MIT] libxcrypt [LGPL-2.1+] libzlib [Zlib] linux-headers [GPL-2.0] ncurses [MIT with advertising clause] python3 [Python-2.0, others] skeleton-init-common [unknown] skeleton-init-systemd [unknown] sqlite [blessing] systemd [LGPL-2.1+, GPL-2.0+ (udev), Public Domain (few source files, see LICENSES/README.md), BSD-2-Clause (eBPF instruction mini library), BSD-3-Clause (tools/chromiumos), CC0-1.0 (few source files, see LICENSES/README.md), GPL-2.0 with Linux-syscall-note (linux kernel headers), MIT-0 (few source files, see LICENSES/README.md), MIT (few source files, see LICENSES/README.md), OFL-1.1 (Heebo fonts)] tcl [TCL] tk [TCL] util-linux-libs [LGPL-2.1+ (libblkid, libfdisk, libmount), BSD-3-Clause (libuuid)] xcb-proto [MIT] xlib_libX11 [MIT] xlib_libXau [MIT] xlib_libXdmcp [MIT] xlib_libXext [MIT] xlib_libXft [MIT] xlib_libXrender [MIT] xlib_xtrans [MIT] xorgproto [MIT] xutil_util-macros [MIT]"
"ncurses","6.4-20230603","MIT with advertising clause","COPYING","ncurses-6.4-20230603.tar.gz","https://github.com/ThomasDickey/ncurses-snapshots/archive/v6_4_20230603","gcc-final [GPL-3.0-with-GCC-exception] glibc [GPL-2.0+ (programs), LGPL-2.1+, BSD-3-Clause, MIT (library)] linux-headers [GPL-2.0] skeleton-init-common [unknown] skeleton-init-systemd [unknown]"
"python3","3.11.8","Python-2.0, others","LICENSE","Python-3.11.8.tar.xz","https://python.org/ftp/python/3.11.8","expat [MIT] fontconfig [fontconfig license] freetype [FTL or GPL-2.0+] gcc-final [GPL-3.0-with-GCC-exception] glibc [GPL-2.0+ (programs), LGPL-2.1+, BSD-3-Clause, MIT (library)] libffi [MIT] libopenssl [Apache-2.0] libpng [Libpng-2.0] libxcb [MIT] libxcrypt [LGPL-2.1+] libzlib [Zlib] linux-headers [GPL-2.0] skeleton-init-common [unknown] skeleton-init-systemd [unknown] sqlite [blessing] tcl [TCL] tk [TCL] util-linux-libs [LGPL-2.1+ (libblkid, libfdisk, libmount), BSD-3-Clause (libuuid)] xcb-proto [MIT] xlib_libX11 [MIT] xlib_libXau [MIT] xlib_libXdmcp [MIT] xlib_libXext [MIT] xlib_libXft [MIT] xlib_libXrender [MIT] xlib_xtrans [MIT] xorgproto [MIT] xutil_util-macros [MIT]"
"expat","2.6.2","MIT","COPYING","expat-2.6.2.tar.xz","http://downloads.sourceforge.net/project/expat/expat/2.6.2","gcc-final [GPL-3.0-with-GCC-exception] glibc [GPL-2.0+ (programs), LGPL-2.1+, BSD-3-Clause, MIT (library)] linux-headers [GPL-2.0] skeleton-init-common [unknown] skeleton-init-systemd [unknown]"
"libffi","3.4.6","MIT","LICENSE","libffi-3.4.6.tar.gz","https://github.com/libffi/libffi/releases/download/v3.4.6","gcc-final [GPL-3.0-with-GCC-exception] glibc [GPL-2.0+ (programs), LGPL-2.1+, BSD-3-Clause, MIT (library)] linux-headers [GPL-2.0] skeleton-init-common [unknown] skeleton-init-systemd [unknown]"
"sqlite","3.45.1","blessing","tea/license.terms","sqlite-autoconf-3450100.tar.gz","https://www.sqlite.org/2024","gcc-final [GPL-3.0-with-GCC-exception] glibc [GPL-2.0+ (programs), LGPL-2.1+, BSD-3-Clause, MIT (library)] linux-headers [GPL-2.0] skeleton-init-common [unknown] skeleton-init-systemd [unknown]"
"tk","8.6.13","TCL","license.terms","tk8.6.13-src.tar.gz","http://downloads.sourceforge.net/project/tcl/Tcl/8.6.13","expat [MIT] fontconfig [fontconfig license] freetype [FTL or GPL-2.0+] gcc-final [GPL-3.0-with-GCC-exception] glibc [GPL-2.0+ (programs), LGPL-2.1+, BSD-3-Clause, MIT (library)] libpng [Libpng-2.0] libxcb [MIT] libxcrypt [LGPL-2.1+] libzlib [Zlib] linux-headers [GPL-2.0] skeleton-init-common [unknown] skeleton-init-systemd [unknown] sqlite [blessing] tcl [TCL] util-linux-libs [LGPL-2.1+ (libblkid, libfdisk, libmount), BSD-3-Clause (libuuid)] xcb-proto [MIT] xlib_libX11 [MIT] xlib_libXau [MIT] xlib_libXdmcp [MIT] xlib_libXext [MIT] xlib_libXft [MIT] xlib_libXrender [MIT] xlib_xtrans [MIT] xorgproto [MIT] xutil_util-macros [MIT]"
"tcl","8.6.13","TCL","license.terms","tcl8.6.13-src.tar.gz","http://downloads.sourceforge.net/project/tcl/Tcl/8.6.13","gcc-final [GPL-3.0-with-GCC-exception] glibc [GPL-2.0+ (programs), LGPL-2.1+, BSD-3-Clause, MIT (library)] libzlib [Zlib] linux-headers [GPL-2.0] skeleton-init-common [unknown] skeleton-init-systemd [unknown] sqlite [blessing]"
"xlib_libX11","1.8.7","MIT","COPYING","libX11-1.8.7.tar.xz","https://xorg.freedesktop.org/archive/individual/lib","gcc-final [GPL-3.0-with-GCC-exception] glibc [GPL-2.0+ (programs), LGPL-2.1+, BSD-3-Clause, MIT (library)] libxcb [MIT] linux-headers [GPL-2.0] skeleton-init-common [unknown] skeleton-init-systemd [unknown] xcb-proto [MIT] xlib_libXau [MIT] xlib_libXdmcp [MIT] xlib_xtrans [MIT] xorgproto [MIT] xutil_util-macros [MIT]"
"libxcb","1.15","MIT","COPYING","libxcb-1.15.tar.xz","http://xcb.freedesktop.org/dist","gcc-final [GPL-3.0-with-GCC-exception] glibc [GPL-2.0+ (programs), LGPL-2.1+, BSD-3-Clause, MIT (library)] linux-headers [GPL-2.0] skeleton-init-common [unknown] skeleton-init-systemd [unknown] xcb-proto [MIT] xlib_libXau [MIT] xlib_libXdmcp [MIT] xorgproto [MIT] xutil_util-macros [MIT]"
"xcb-proto","1.15.2","MIT","COPYING","xcb-proto-1.15.2.tar.xz","https://xorg.freedesktop.org/archive/individual/proto","gcc-final [GPL-3.0-with-GCC-exception] glibc [GPL-2.0+ (programs), LGPL-2.1+, BSD-3-Clause, MIT (library)] linux-headers [GPL-2.0] skeleton-init-common [unknown] skeleton-init-systemd [unknown]"
"xlib_libXau","1.0.11","MIT","COPYING","libXau-1.0.11.tar.xz","http://xorg.freedesktop.org/releases/individual/lib","gcc-final [GPL-3.0-with-GCC-exception] glibc [GPL-2.0+ (programs), LGPL-2.1+, BSD-3-Clause, MIT (library)] linux-headers [GPL-2.0] skeleton-init-common [unknown] skeleton-init-systemd [unknown] xorgproto [MIT] xutil_util-macros [MIT]"
"xorgproto","2023.2","MIT","COPYING-applewmproto COPYING-bigreqsproto COPYING-compositeproto COPYING-damageproto COPYING-dmxproto COPYING-dri2proto COPYING-dri3proto COPYING-evieproto COPYING-fixesproto COPYING-fontcacheproto COPYING-fontsproto COPYING-glproto COPYING-inputproto COPYING-kbproto COPYING-lg3dproto COPYING-pmproto COPYING-presentproto COPYING-printproto COPYING-randrproto COPYING-recordproto COPYING-renderproto COPYING-resourceproto COPYING-scrnsaverproto COPYING-trapproto COPYING-videoproto COPYING-windowswmproto COPYING-x11proto COPYING-xcmiscproto COPYING-xextproto COPYING-xf86bigfontproto COPYING-xf86dgaproto COPYING-xf86driproto COPYING-xf86miscproto COPYING-xf86rushproto COPYING-xf86vidmodeproto COPYING-xineramaproto COPYING-xwaylandproto","xorgproto-2023.2.tar.xz","https://xorg.freedesktop.org/archive/individual/proto","gcc-final [GPL-3.0-with-GCC-exception] glibc [GPL-2.0+ (programs), LGPL-2.1+, BSD-3-Clause, MIT (library)] linux-headers [GPL-2.0] skeleton-init-common [unknown] skeleton-init-systemd [unknown]"
"xutil_util-macros","1.20.0","MIT","COPYING","util-macros-1.20.0.tar.xz","https://xorg.freedesktop.org/archive/individual/util","gcc-final [GPL-3.0-with-GCC-exception] glibc [GPL-2.0+ (programs), LGPL-2.1+, BSD-3-Clause, MIT (library)] linux-headers [GPL-2.0] skeleton-init-common [unknown] skeleton-init-systemd [unknown]"
"xlib_libXdmcp","1.1.4","MIT","COPYING","libXdmcp-1.1.4.tar.xz","https://xorg.freedesktop.org/archive/individual/lib","gcc-final [GPL-3.0-with-GCC-exception] glibc [GPL-2.0+ (programs), LGPL-2.1+, BSD-3-Clause, MIT (library)] linux-headers [GPL-2.0] skeleton-init-common [unknown] skeleton-init-systemd [unknown] xorgproto [MIT] xutil_util-macros [MIT]"
"xlib_xtrans","1.5.0","MIT","COPYING","xtrans-1.5.0.tar.xz","https://xorg.freedesktop.org/archive/individual/lib","gcc-final [GPL-3.0-with-GCC-exception] glibc [GPL-2.0+ (programs), LGPL-2.1+, BSD-3-Clause, MIT (library)] linux-headers [GPL-2.0] skeleton-init-common [unknown] skeleton-init-systemd [unknown]"
"xlib_libXft","2.3.8","MIT","COPYING","libXft-2.3.8.tar.xz","https://xorg.freedesktop.org/archive/individual/lib","expat [MIT] fontconfig [fontconfig license] freetype [FTL or GPL-2.0+] gcc-final [GPL-3.0-with-GCC-exception] glibc [GPL-2.0+ (programs), LGPL-2.1+, BSD-3-Clause, MIT (library)] libpng [Libpng-2.0] libxcb [MIT] libxcrypt [LGPL-2.1+] libzlib [Zlib] linux-headers [GPL-2.0] skeleton-init-common [unknown] skeleton-init-systemd [unknown] util-linux-libs [LGPL-2.1+ (libblkid, libfdisk, libmount), BSD-3-Clause (libuuid)] xcb-proto [MIT] xlib_libX11 [MIT] xlib_libXau [MIT] xlib_libXdmcp [MIT] xlib_libXext [MIT] xlib_libXrender [MIT] xlib_xtrans [MIT] xorgproto [MIT] xutil_util-macros [MIT]"
"fontconfig","2.14.2","fontconfig license","COPYING","fontconfig-2.14.2.tar.xz","https://www.freedesktop.org/software/fontconfig/release","expat [MIT] freetype [FTL or GPL-2.0+] gcc-final [GPL-3.0-with-GCC-exception] glibc [GPL-2.0+ (programs), LGPL-2.1+, BSD-3-Clause, MIT (library)] libpng [Libpng-2.0] libxcrypt [LGPL-2.1+] libzlib [Zlib] linux-headers [GPL-2.0] skeleton-init-common [unknown] skeleton-init-systemd [unknown] util-linux-libs [LGPL-2.1+ (libblkid, libfdisk, libmount), BSD-3-Clause (libuuid)]"
"freetype","2.13.2","FTL or GPL-2.0+","LICENSE.TXT docs/FTL.TXT docs/GPLv2.TXT","freetype-2.13.2.tar.xz","http://download.savannah.gnu.org/releases/freetype","gcc-final [GPL-3.0-with-GCC-exception] glibc [GPL-2.0+ (programs), LGPL-2.1+, BSD-3-Clause, MIT (library)] libpng [Libpng-2.0] libzlib [Zlib] linux-headers [GPL-2.0] skeleton-init-common [unknown] skeleton-init-systemd [unknown]"
"libpng","1.6.43","Libpng-2.0","LICENSE","libpng-1.6.43.tar.xz","http://downloads.sourceforge.net/project/libpng/libpng16/1.6.43","gcc-final [GPL-3.0-with-GCC-exception] glibc [GPL-2.0+ (programs), LGPL-2.1+, BSD-3-Clause, MIT (library)] libzlib [Zlib] linux-headers [GPL-2.0] skeleton-init-common [unknown] skeleton-init-systemd [unknown]"
"xlib_libXext","1.3.5","MIT","COPYING","libXext-1.3.5.tar.xz","https://xorg.freedesktop.org/archive/individual/lib","gcc-final [GPL-3.0-with-GCC-exception] glibc [GPL-2.0+ (programs), LGPL-2.1+, BSD-3-Clause, MIT (library)] libxcb [MIT] linux-headers [GPL-2.0] skeleton-init-common [unknown] skeleton-init-systemd [unknown] xcb-proto [MIT] xlib_libX11 [MIT] xlib_libXau [MIT] xlib_libXdmcp [MIT] xlib_xtrans [MIT] xorgproto [MIT] xutil_util-macros [MIT]"
"xlib_libXrender","0.9.11","MIT","COPYING","libXrender-0.9.11.tar.xz","https://xorg.freedesktop.org/archive/individual/lib","gcc-final [GPL-3.0-with-GCC-exception] glibc [GPL-2.0+ (programs), LGPL-2.1+, BSD-3-Clause, MIT (library)] libxcb [MIT] linux-headers [GPL-2.0] skeleton-init-common [unknown] skeleton-init-systemd [unknown] xcb-proto [MIT] xlib_libX11 [MIT] xlib_libXau [MIT] xlib_libXdmcp [MIT] xlib_xtrans [MIT] xorgproto [MIT] xutil_util-macros [MIT]"
"dbus","1.14.10","AFL-2.1 or GPL-2.0+ (library, tools), GPL-2.0+ (tools)","COPYING","dbus-1.14.10.tar.xz","https://dbus.freedesktop.org/releases/dbus","expat [MIT] gcc-final [GPL-3.0-with-GCC-exception] glibc [GPL-2.0+ (programs), LGPL-2.1+, BSD-3-Clause, MIT (library)] kmod [LGPL-2.1+ (library) , GPL-2.0+ (tools)] libcap [GPL-2.0 or BSD-3-Clause] libopenssl [Apache-2.0] libxcb [MIT] libxcrypt [LGPL-2.1+] libzlib [Zlib] linux-headers [GPL-2.0] skeleton-init-common [unknown] skeleton-init-systemd [unknown] systemd [LGPL-2.1+, GPL-2.0+ (udev), Public Domain (few source files, see LICENSES/README.md), BSD-2-Clause (eBPF instruction mini library), BSD-3-Clause (tools/chromiumos), CC0-1.0 (few source files, see LICENSES/README.md), GPL-2.0 with Linux-syscall-note (linux kernel headers), MIT-0 (few source files, see LICENSES/README.md), MIT (few source files, see LICENSES/README.md), OFL-1.1 (Heebo fonts)] util-linux-libs [LGPL-2.1+ (libblkid, libfdisk, libmount), BSD-3-Clause (libuuid)] xcb-proto [MIT] xlib_libICE [MIT] xlib_libSM [MIT] xlib_libX11 [MIT] xlib_libXau [MIT] xlib_libXdmcp [MIT] xlib_xtrans [MIT] xorgproto [MIT] xutil_util-macros [MIT]"
"xlib_libSM","1.2.4","MIT","COPYING","libSM-1.2.4.tar.xz","https://xorg.freedesktop.org/archive/individual/lib","gcc-final [GPL-3.0-with-GCC-exception] glibc [GPL-2.0+ (programs), LGPL-2.1+, BSD-3-Clause, MIT (library)] linux-headers [GPL-2.0] skeleton-init-common [unknown] skeleton-init-systemd [unknown] xlib_libICE [MIT] xlib_xtrans [MIT] xorgproto [MIT]"
"xlib_libICE","1.1.1","MIT","COPYING","libICE-1.1.1.tar.xz","https://xorg.freedesktop.org/archive/individual/lib","gcc-final [GPL-3.0-with-GCC-exception] glibc [GPL-2.0+ (programs), LGPL-2.1+, BSD-3-Clause, MIT (library)] linux-headers [GPL-2.0] skeleton-init-common [unknown] skeleton-init-systemd [unknown] xlib_xtrans [MIT] xorgproto [MIT]"
"fbv","1.0b","GPL-2.0","COPYING","fbv-1.0b.tar.gz","http://s-tech.elsat.net.pl/fbv","gcc-final [GPL-3.0-with-GCC-exception] giflib [MIT] glibc [GPL-2.0+ (programs), LGPL-2.1+, BSD-3-Clause, MIT (library)] jpeg-turbo [IJG (libjpeg), BSD-3-Clause (TurboJPEG), Zlib (SIMD)] libpng [Libpng-2.0] libzlib [Zlib] linux-headers [GPL-2.0] skeleton-init-common [unknown] skeleton-init-systemd [unknown]"
"giflib","5.2.2","MIT","COPYING","giflib-5.2.2.tar.gz","http://downloads.sourceforge.net/project/giflib","gcc-final [GPL-3.0-with-GCC-exception] glibc [GPL-2.0+ (programs), LGPL-2.1+, BSD-3-Clause, MIT (library)] linux-headers [GPL-2.0] skeleton-init-common [unknown] skeleton-init-systemd [unknown]"
"jpeg-turbo","2.1.5","IJG (libjpeg), BSD-3-Clause (TurboJPEG), Zlib (SIMD)","LICENSE.md README.ijg","libjpeg-turbo-2.1.5.tar.gz","https://downloads.sourceforge.net/project/libjpeg-turbo/2.1.5","gcc-final [GPL-3.0-with-GCC-exception] glibc [GPL-2.0+ (programs), LGPL-2.1+, BSD-3-Clause, MIT (library)] linux-headers [GPL-2.0] skeleton-init-common [unknown] skeleton-init-systemd [unknown]"
"kbd","2.5.1","GPL-2.0+","COPYING CREDITS","kbd-2.5.1.tar.xz","https://cdn.kernel.org/pub/linux/utils/kbd","gcc-final [GPL-3.0-with-GCC-exception] glibc [GPL-2.0+ (programs), LGPL-2.1+, BSD-3-Clause, MIT (library)] linux-headers [GPL-2.0] skeleton-init-common [unknown] skeleton-init-systemd [unknown]"
"libdrm","2.4.120","MIT","data/meson.build","libdrm-2.4.120.tar.xz","https://dri.freedesktop.org/libdrm","gcc-final [GPL-3.0-with-GCC-exception] glibc [GPL-2.0+ (programs), LGPL-2.1+, BSD-3-Clause, MIT (library)] kmod [LGPL-2.1+ (library) , GPL-2.0+ (tools)] libcap [GPL-2.0 or BSD-3-Clause] libopenssl [Apache-2.0] libpthread-stubs [MIT] libxcrypt [LGPL-2.1+] libzlib [Zlib] linux-headers [GPL-2.0] skeleton-init-common [unknown] skeleton-init-systemd [unknown] systemd [LGPL-2.1+, GPL-2.0+ (udev), Public Domain (few source files, see LICENSES/README.md), BSD-2-Clause (eBPF instruction mini library), BSD-3-Clause (tools/chromiumos), CC0-1.0 (few source files, see LICENSES/README.md), GPL-2.0 with Linux-syscall-note (linux kernel headers), MIT-0 (few source files, see LICENSES/README.md), MIT (few source files, see LICENSES/README.md), OFL-1.1 (Heebo fonts)] util-linux-libs [LGPL-2.1+ (libblkid, libfdisk, libmount), BSD-3-Clause (libuuid)]"
"libpthread-stubs","0.5","MIT","COPYING","libpthread-stubs-0.5.tar.xz","http://xcb.freedesktop.org/dist","gcc-final [GPL-3.0-with-GCC-exception] glibc [GPL-2.0+ (programs), LGPL-2.1+, BSD-3-Clause, MIT (library)] linux-headers [GPL-2.0] skeleton-init-common [unknown] skeleton-init-systemd [unknown]"
"liberation","2.1.5","OFL-1.1","LICENSE","liberation-fonts-ttf-2.1.5.tar.gz","https://github.com/liberationfonts/liberation-fonts/files/7261482","gcc-final [GPL-3.0-with-GCC-exception] glibc [GPL-2.0+ (programs), LGPL-2.1+, BSD-3-Clause, MIT (library)] linux-headers [GPL-2.0] skeleton-init-common [unknown] skeleton-init-systemd [unknown]"
"libevdev","1.13.1","MIT","COPYING","libevdev-1.13.1.tar.xz","http://www.freedesktop.org/software/libevdev","gcc-final [GPL-3.0-with-GCC-exception] glibc [GPL-2.0+ (programs), LGPL-2.1+, BSD-3-Clause, MIT (library)] linux-headers [GPL-2.0] skeleton-init-common [unknown] skeleton-init-systemd [unknown]"
"libnl","3.9.0","LGPL-2.1+","COPYING","libnl-3.9.0.tar.gz","https://github.com/thom311/libnl/releases/download/libnl3_9_0","gcc-final [GPL-3.0-with-GCC-exception] glibc [GPL-2.0+ (programs), LGPL-2.1+, BSD-3-Clause, MIT (library)] linux-headers [GPL-2.0] skeleton-init-common [unknown] skeleton-init-systemd [unknown]"
"libpciaccess","0.18.1","MIT","COPYING","libpciaccess-0.18.1.tar.xz","http://xorg.freedesktop.org/releases/individual/lib","gcc-final [GPL-3.0-with-GCC-exception] glibc [GPL-2.0+ (programs), LGPL-2.1+, BSD-3-Clause, MIT (library)] libzlib [Zlib] linux-headers [GPL-2.0] skeleton-init-common [unknown] skeleton-init-systemd [unknown]"
"libsha1","0.3","BSD-3-Clause or GPL","COPYING","libsha1-0.3.tar.gz","https://github.com/dottedmag/libsha1/archive/0.3","gcc-final [GPL-3.0-with-GCC-exception] glibc [GPL-2.0+ (programs), LGPL-2.1+, BSD-3-Clause, MIT (library)] linux-headers [GPL-2.0] skeleton-init-common [unknown] skeleton-init-systemd [unknown]"
"linux","custom","GPL-2.0","","linux-0b54dbda3cca2beb51e236a25738784e90853b64.tar.gz","https://github.com/raspberrypi/linux/archive/0b54dbda3cca2beb51e236a25738784e90853b64","gcc-final [GPL-3.0-with-GCC-exception] glibc [GPL-2.0+ (programs), LGPL-2.1+, BSD-3-Clause, MIT (library)] linux-headers [GPL-2.0] skeleton-init-common [unknown] skeleton-init-systemd [unknown]"
"mtdev","1.1.6","MIT","COPYING","mtdev-1.1.6.tar.bz2","http://bitmath.org/code/mtdev","gcc-final [GPL-3.0-with-GCC-exception] glibc [GPL-2.0+ (programs), LGPL-2.1+, BSD-3-Clause, MIT (library)] linux-headers [GPL-2.0] skeleton-init-common [unknown] skeleton-init-systemd [unknown]"
"nano","7.2","GPL-3.0+","COPYING","nano-7.2.tar.xz","https://www.nano-editor.org/dist/v7","gcc-final [GPL-3.0-with-GCC-exception] glibc [GPL-2.0+ (programs), LGPL-2.1+, BSD-3-Clause, MIT (library)] linux-headers [GPL-2.0] ncurses [MIT with advertising clause] skeleton-init-common [unknown] skeleton-init-systemd [unknown]"
"pigpio","79","Unlicense","UNLICENCE","pigpio-79.tar.gz","https://github.com/joan2937/pigpio/archive/v79","gcc-final [GPL-3.0-with-GCC-exception] glibc [GPL-2.0+ (programs), LGPL-2.1+, BSD-3-Clause, MIT (library)] linux-headers [GPL-2.0] skeleton-init-common [unknown] skeleton-init-systemd [unknown]"
"pixman","0.42.2","MIT","COPYING","pixman-0.42.2.tar.xz","https://xorg.freedesktop.org/releases/individual/lib","gcc-final [GPL-3.0-with-GCC-exception] glibc [GPL-2.0+ (programs), LGPL-2.1+, BSD-3-Clause, MIT (library)] linux-headers [GPL-2.0] skeleton-init-common [unknown] skeleton-init-systemd [unknown]"
"python-aenum","3.1.15","BSD-3-Clause","aenum/LICENSE","aenum-3.1.15.tar.gz","https://files.pythonhosted.org/packages/d0/f8/33e75863394f42e429bb553e05fda7c59763f0fd6848de847a25b3fbccf6","expat [MIT] fontconfig [fontconfig license] freetype [FTL or GPL-2.0+] gcc-final [GPL-3.0-with-GCC-exception] glibc [GPL-2.0+ (programs), LGPL-2.1+, BSD-3-Clause, MIT (library)] libffi [MIT] libopenssl [Apache-2.0] libpng [Libpng-2.0] libxcb [MIT] libxcrypt [LGPL-2.1+] libzlib [Zlib] linux-headers [GPL-2.0] python3 [Python-2.0, others] skeleton-init-common [unknown] skeleton-init-systemd [unknown] sqlite [blessing] tcl [TCL] tk [TCL] util-linux-libs [LGPL-2.1+ (libblkid, libfdisk, libmount), BSD-3-Clause (libuuid)] xcb-proto [MIT] xlib_libX11 [MIT] xlib_libXau [MIT] xlib_libXdmcp [MIT] xlib_libXext [MIT] xlib_libXft [MIT] xlib_libXrender [MIT] xlib_xtrans [MIT] xorgproto [MIT] xutil_util-macros [MIT]"
"python-can","4.3.1","LGPL-3.0","LICENSE.txt","python-can-4.3.1.tar.gz","https://files.pythonhosted.org/packages/02/fc/d5fd33ee93f17a4eb0dcd75aebf522396e3f511bf474058e99e86ae4e33f","expat [MIT] fontconfig [fontconfig license] freetype [FTL or GPL-2.0+] gcc-final [GPL-3.0-with-GCC-exception] glibc [GPL-2.0+ (programs), LGPL-2.1+, BSD-3-Clause, MIT (library)] libffi [MIT] libopenssl [Apache-2.0] libpng [Libpng-2.0] libxcb [MIT] libxcrypt [LGPL-2.1+] libzlib [Zlib] linux-headers [GPL-2.0] python3 [Python-2.0, others] skeleton-init-common [unknown] skeleton-init-systemd [unknown] sqlite [blessing] tcl [TCL] tk [TCL] util-linux-libs [LGPL-2.1+ (libblkid, libfdisk, libmount), BSD-3-Clause (libuuid)] xcb-proto [MIT] xlib_libX11 [MIT] xlib_libXau [MIT] xlib_libXdmcp [MIT] xlib_libXext [MIT] xlib_libXft [MIT] xlib_libXrender [MIT] xlib_xtrans [MIT] xorgproto [MIT] xutil_util-macros [MIT]"
"python-msgpack","1.0.7","Apache-2.0","COPYING","msgpack-1.0.7.tar.gz","https://files.pythonhosted.org/packages/c2/d5/5662032db1571110b5b51647aed4b56dfbd01bfae789fa566a2be1f385d1","expat [MIT] fontconfig [fontconfig license] freetype [FTL or GPL-2.0+] gcc-final [GPL-3.0-with-GCC-exception] glibc [GPL-2.0+ (programs), LGPL-2.1+, BSD-3-Clause, MIT (library)] libffi [MIT] libopenssl [Apache-2.0] libpng [Libpng-2.0] libxcb [MIT] libxcrypt [LGPL-2.1+] libzlib [Zlib] linux-headers [GPL-2.0] python3 [Python-2.0, others] skeleton-init-common [unknown] skeleton-init-systemd [unknown] sqlite [blessing] tcl [TCL] tk [TCL] util-linux-libs [LGPL-2.1+ (libblkid, libfdisk, libmount), BSD-3-Clause (libuuid)] xcb-proto [MIT] xlib_libX11 [MIT] xlib_libXau [MIT] xlib_libXdmcp [MIT] xlib_libXext [MIT] xlib_libXft [MIT] xlib_libXrender [MIT] xlib_xtrans [MIT] xorgproto [MIT] xutil_util-macros [MIT]"
"python-packaging","23.2","Apache-2.0 or BSD-2-Clause","LICENSE LICENSE.APACHE LICENSE.BSD","packaging-23.2.tar.gz","https://files.pythonhosted.org/packages/fb/2b/9b9c33ffed44ee921d0967086d653047286054117d584f1b1a7c22ceaf7b","expat [MIT] fontconfig [fontconfig license] freetype [FTL or GPL-2.0+] gcc-final [GPL-3.0-with-GCC-exception] glibc [GPL-2.0+ (programs), LGPL-2.1+, BSD-3-Clause, MIT (library)] libffi [MIT] libopenssl [Apache-2.0] libpng [Libpng-2.0] libxcb [MIT] libxcrypt [LGPL-2.1+] libzlib [Zlib] linux-headers [GPL-2.0] python3 [Python-2.0, others] skeleton-init-common [unknown] skeleton-init-systemd [unknown] sqlite [blessing] tcl [TCL] tk [TCL] util-linux-libs [LGPL-2.1+ (libblkid, libfdisk, libmount), BSD-3-Clause (libuuid)] xcb-proto [MIT] xlib_libX11 [MIT] xlib_libXau [MIT] xlib_libXdmcp [MIT] xlib_libXext [MIT] xlib_libXft [MIT] xlib_libXrender [MIT] xlib_xtrans [MIT] xorgproto [MIT] xutil_util-macros [MIT]"
"python-pillow","10.3.0","HPND","LICENSE","pillow-10.3.0.tar.gz","https://files.pythonhosted.org/packages/ef/43/c50c17c5f7d438e836c169e343695534c38c77f60e7c90389bd77981bc21","expat [MIT] fontconfig [fontconfig license] freetype [FTL or GPL-2.0+] gcc-final [GPL-3.0-with-GCC-exception] glibc [GPL-2.0+ (programs), LGPL-2.1+, BSD-3-Clause, MIT (library)] jpeg-turbo [IJG (libjpeg), BSD-3-Clause (TurboJPEG), Zlib (SIMD)] libffi [MIT] libopenssl [Apache-2.0] libpng [Libpng-2.0] libxcb [MIT] libxcrypt [LGPL-2.1+] libzlib [Zlib] linux-headers [GPL-2.0] python3 [Python-2.0, others] skeleton-init-common [unknown] skeleton-init-systemd [unknown] sqlite [blessing] tcl [TCL] tk [TCL] util-linux-libs [LGPL-2.1+ (libblkid, libfdisk, libmount), BSD-3-Clause (libuuid)] xcb-proto [MIT] xlib_libX11 [MIT] xlib_libXau [MIT] xlib_libXdmcp [MIT] xlib_libXext [MIT] xlib_libXft [MIT] xlib_libXrender [MIT] xlib_xtrans [MIT] xorgproto [MIT] xutil_util-macros [MIT]"
"python-rpi-gpio","0.7.1","MIT","LICENCE.txt","RPi.GPIO-0.7.1.tar.gz","https://files.pythonhosted.org/packages/c4/0f/10b524a12b3445af1c607c27b2f5ed122ef55756e29942900e5c950735f2","expat [MIT] fontconfig [fontconfig license] freetype [FTL or GPL-2.0+] gcc-final [GPL-3.0-with-GCC-exception] glibc [GPL-2.0+ (programs), LGPL-2.1+, BSD-3-Clause, MIT (library)] libffi [MIT] libopenssl [Apache-2.0] libpng [Libpng-2.0] libxcb [MIT] libxcrypt [LGPL-2.1+] libzlib [Zlib] linux-headers [GPL-2.0] python3 [Python-2.0, others] skeleton-init-common [unknown] skeleton-init-systemd [unknown] sqlite [blessing] tcl [TCL] tk [TCL] util-linux-libs [LGPL-2.1+ (libblkid, libfdisk, libmount), BSD-3-Clause (libuuid)] xcb-proto [MIT] xlib_libX11 [MIT] xlib_libXau [MIT] xlib_libXdmcp [MIT] xlib_libXext [MIT] xlib_libXft [MIT] xlib_libXrender [MIT] xlib_xtrans [MIT] xorgproto [MIT] xutil_util-macros [MIT]"
"python-setuptools","69.2.0","MIT","LICENSE","setuptools-69.2.0.tar.gz","https://files.pythonhosted.org/packages/4d/5b/dc575711b6b8f2f866131a40d053e30e962e633b332acf7cd2c24843d83d","expat [MIT] fontconfig [fontconfig license] freetype [FTL or GPL-2.0+] gcc-final [GPL-3.0-with-GCC-exception] glibc [GPL-2.0+ (programs), LGPL-2.1+, BSD-3-Clause, MIT (library)] libffi [MIT] libopenssl [Apache-2.0] libpng [Libpng-2.0] libxcb [MIT] libxcrypt [LGPL-2.1+] libzlib [Zlib] linux-headers [GPL-2.0] python3 [Python-2.0, others] skeleton-init-common [unknown] skeleton-init-systemd [unknown] sqlite [blessing] tcl [TCL] tk [TCL] util-linux-libs [LGPL-2.1+ (libblkid, libfdisk, libmount), BSD-3-Clause (libuuid)] xcb-proto [MIT] xlib_libX11 [MIT] xlib_libXau [MIT] xlib_libXdmcp [MIT] xlib_libXext [MIT] xlib_libXft [MIT] xlib_libXrender [MIT] xlib_xtrans [MIT] xorgproto [MIT] xutil_util-macros [MIT]"
"python-spidev","3.6","MIT","LICENSE","spidev-3.6.tar.gz","https://files.pythonhosted.org/packages/c7/d9/401c0a7be089e02826cf2c201f489876b601f15be100fe391ef9c2faed83","expat [MIT] fontconfig [fontconfig license] freetype [FTL or GPL-2.0+] gcc-final [GPL-3.0-with-GCC-exception] glibc [GPL-2.0+ (programs), LGPL-2.1+, BSD-3-Clause, MIT (library)] libffi [MIT] libopenssl [Apache-2.0] libpng [Libpng-2.0] libxcb [MIT] libxcrypt [LGPL-2.1+] libzlib [Zlib] linux-headers [GPL-2.0] python3 [Python-2.0, others] skeleton-init-common [unknown] skeleton-init-systemd [unknown] sqlite [blessing] tcl [TCL] tk [TCL] util-linux-libs [LGPL-2.1+ (libblkid, libfdisk, libmount), BSD-3-Clause (libuuid)] xcb-proto [MIT] xlib_libX11 [MIT] xlib_libXau [MIT] xlib_libXdmcp [MIT] xlib_libXext [MIT] xlib_libXft [MIT] xlib_libXrender [MIT] xlib_xtrans [MIT] xorgproto [MIT] xutil_util-macros [MIT]"
"python-typing-extensions","4.9.0","Python-2.0","LICENSE","typing_extensions-4.9.0.tar.gz","https://files.pythonhosted.org/packages/0c/1d/eb26f5e75100d531d7399ae800814b069bc2ed2a7410834d57374d010d96","expat [MIT] fontconfig [fontconfig license] freetype [FTL or GPL-2.0+] gcc-final [GPL-3.0-with-GCC-exception] glibc [GPL-2.0+ (programs), LGPL-2.1+, BSD-3-Clause, MIT (library)] libffi [MIT] libopenssl [Apache-2.0] libpng [Libpng-2.0] libxcb [MIT] libxcrypt [LGPL-2.1+] libzlib [Zlib] linux-headers [GPL-2.0] python3 [Python-2.0, others] skeleton-init-common [unknown] skeleton-init-systemd [unknown] sqlite [blessing] tcl [TCL] tk [TCL] util-linux-libs [LGPL-2.1+ (libblkid, libfdisk, libmount), BSD-3-Clause (libuuid)] xcb-proto [MIT] xlib_libX11 [MIT] xlib_libXau [MIT] xlib_libXdmcp [MIT] xlib_libXext [MIT] xlib_libXft [MIT] xlib_libXrender [MIT] xlib_xtrans [MIT] xorgproto [MIT] xutil_util-macros [MIT]"
"python-wrapt","1.14.1","BSD-2-Clause","LICENSE","wrapt-1.14.1.tar.gz","https://files.pythonhosted.org/packages/11/eb/e06e77394d6cf09977d92bff310cb0392930c08a338f99af6066a5a98f92","expat [MIT] fontconfig [fontconfig license] freetype [FTL or GPL-2.0+] gcc-final [GPL-3.0-with-GCC-exception] glibc [GPL-2.0+ (programs), LGPL-2.1+, BSD-3-Clause, MIT (library)] libffi [MIT] libopenssl [Apache-2.0] libpng [Libpng-2.0] libxcb [MIT] libxcrypt [LGPL-2.1+] libzlib [Zlib] linux-headers [GPL-2.0] python3 [Python-2.0, others] skeleton-init-common [unknown] skeleton-init-systemd [unknown] sqlite [blessing] tcl [TCL] tk [TCL] util-linux-libs [LGPL-2.1+ (libblkid, libfdisk, libmount), BSD-3-Clause (libuuid)] xcb-proto [MIT] xlib_libX11 [MIT] xlib_libXau [MIT] xlib_libXdmcp [MIT] xlib_libXext [MIT] xlib_libXft [MIT] xlib_libXrender [MIT] xlib_xtrans [MIT] xorgproto [MIT] xutil_util-macros [MIT]"
"rpi-firmware","83dafbc92c0e63f76ca2ecdd42462d56489d1c77","BSD-3-Clause","boot/LICENCE.broadcom","rpi-firmware-83dafbc92c0e63f76ca2ecdd42462d56489d1c77.tar.gz","https://github.com/raspberrypi/firmware/archive/83dafbc92c0e63f76ca2ecdd42462d56489d1c77","gcc-final [GPL-3.0-with-GCC-exception] glibc [GPL-2.0+ (programs), LGPL-2.1+, BSD-3-Clause, MIT (library)] linux-headers [GPL-2.0] skeleton-init-common [unknown] skeleton-init-systemd [unknown]"
"sudo","1.9.15p5","ISC, BSD-3-Clause","LICENSE.md","sudo-1.9.15p5.tar.gz","https://www.sudo.ws/sudo/dist","gcc-final [GPL-3.0-with-GCC-exception] glibc [GPL-2.0+ (programs), LGPL-2.1+, BSD-3-Clause, MIT (library)] libopenssl [Apache-2.0] libzlib [Zlib] linux-headers [GPL-2.0] skeleton-init-common [unknown] skeleton-init-systemd [unknown]"
"tcllib","1.21","TCL","license.terms","tcllib-1.21.tar.xz","http://downloads.sourceforge.net/project/tcllib/tcllib/1.21","gcc-final [GPL-3.0-with-GCC-exception] glibc [GPL-2.0+ (programs), LGPL-2.1+, BSD-3-Clause, MIT (library)] linux-headers [GPL-2.0] skeleton-init-common [unknown] skeleton-init-systemd [unknown]"
"tzdata","2024a","Public domain","LICENSE","tzdata2024a.tar.gz","https://www.iana.org/time-zones/repository/releases","gcc-final [GPL-3.0-with-GCC-exception] glibc [GPL-2.0+ (programs), LGPL-2.1+, BSD-3-Clause, MIT (library)] linux-headers [GPL-2.0] skeleton-init-common [unknown] skeleton-init-systemd [unknown]"
"xapp_sessreg","1.1.3","MIT","COPYING","sessreg-1.1.3.tar.xz","https://xorg.freedesktop.org/archive/individual/app","gcc-final [GPL-3.0-with-GCC-exception] glibc [GPL-2.0+ (programs), LGPL-2.1+, BSD-3-Clause, MIT (library)] libxcb [MIT] linux-headers [GPL-2.0] skeleton-init-common [unknown] skeleton-init-systemd [unknown] xcb-proto [MIT] xlib_libX11 [MIT] xlib_libXau [MIT] xlib_libXdmcp [MIT] xlib_xtrans [MIT] xorgproto [MIT] xutil_util-macros [MIT]"
"xapp_twm","1.0.12","MIT","COPYING","twm-1.0.12.tar.xz","http://xorg.freedesktop.org/releases/individual/app","gcc-final [GPL-3.0-with-GCC-exception] glibc [GPL-2.0+ (programs), LGPL-2.1+, BSD-3-Clause, MIT (library)] libxcb [MIT] linux-headers [GPL-2.0] skeleton-init-common [unknown] skeleton-init-systemd [unknown] xcb-proto [MIT] xlib_libICE [MIT] xlib_libSM [MIT] xlib_libX11 [MIT] xlib_libXau [MIT] xlib_libXdmcp [MIT] xlib_libXext [MIT] xlib_libXmu [MIT] xlib_libXt [MIT] xlib_xtrans [MIT] xorgproto [MIT] xutil_util-macros [MIT]"
"xlib_libXmu","1.1.4","MIT","COPYING","libXmu-1.1.4.tar.xz","https://xorg.freedesktop.org/archive/individual/lib","gcc-final [GPL-3.0-with-GCC-exception] glibc [GPL-2.0+ (programs), LGPL-2.1+, BSD-3-Clause, MIT (library)] libxcb [MIT] linux-headers [GPL-2.0] skeleton-init-common [unknown] skeleton-init-systemd [unknown] xcb-proto [MIT] xlib_libICE [MIT] xlib_libSM [MIT] xlib_libX11 [MIT] xlib_libXau [MIT] xlib_libXdmcp [MIT] xlib_libXext [MIT] xlib_libXt [MIT] xlib_xtrans [MIT] xorgproto [MIT] xutil_util-macros [MIT]"
"xlib_libXt","1.3.0","MIT","COPYING","libXt-1.3.0.tar.xz","https://xorg.freedesktop.org/archive/individual/lib","gcc-final [GPL-3.0-with-GCC-exception] glibc [GPL-2.0+ (programs), LGPL-2.1+, BSD-3-Clause, MIT (library)] libxcb [MIT] linux-headers [GPL-2.0] skeleton-init-common [unknown] skeleton-init-systemd [unknown] xcb-proto [MIT] xlib_libICE [MIT] xlib_libSM [MIT] xlib_libX11 [MIT] xlib_libXau [MIT] xlib_libXdmcp [MIT] xlib_xtrans [MIT] xorgproto [MIT] xutil_util-macros [MIT]"
"xapp_xauth","1.1.2","MIT","COPYING","xauth-1.1.2.tar.xz","http://xorg.freedesktop.org/releases/individual/app","gcc-final [GPL-3.0-with-GCC-exception] glibc [GPL-2.0+ (programs), LGPL-2.1+, BSD-3-Clause, MIT (library)] libxcb [MIT] linux-headers [GPL-2.0] skeleton-init-common [unknown] skeleton-init-systemd [unknown] xcb-proto [MIT] xlib_libICE [MIT] xlib_libSM [MIT] xlib_libX11 [MIT] xlib_libXau [MIT] xlib_libXdmcp [MIT] xlib_libXext [MIT] xlib_libXmu [MIT] xlib_libXt [MIT] xlib_xtrans [MIT] xorgproto [MIT] xutil_util-macros [MIT]"
"xapp_xconsole","1.0.8","MIT","COPYING","xconsole-1.0.8.tar.xz","https://xorg.freedesktop.org/releases/individual/app","gcc-final [GPL-3.0-with-GCC-exception] glibc [GPL-2.0+ (programs), LGPL-2.1+, BSD-3-Clause, MIT (library)] libxcb [MIT] linux-headers [GPL-2.0] skeleton-init-common [unknown] skeleton-init-systemd [unknown] xcb-proto [MIT] xlib_libICE [MIT] xlib_libSM [MIT] xlib_libX11 [MIT] xlib_libXau [MIT] xlib_libXaw [MIT] xlib_libXdmcp [MIT] xlib_libXext [MIT] xlib_libXmu [MIT] xlib_libXpm [MIT] xlib_libXt [MIT] xlib_xtrans [MIT] xorgproto [MIT] xutil_util-macros [MIT]"
"xlib_libXaw","1.0.15","MIT","COPYING","libXaw-1.0.15.tar.xz","https://xorg.freedesktop.org/archive/individual/lib","gcc-final [GPL-3.0-with-GCC-exception] glibc [GPL-2.0+ (programs), LGPL-2.1+, BSD-3-Clause, MIT (library)] libxcb [MIT] linux-headers [GPL-2.0] skeleton-init-common [unknown] skeleton-init-systemd [unknown] xcb-proto [MIT] xlib_libICE [MIT] xlib_libSM [MIT] xlib_libX11 [MIT] xlib_libXau [MIT] xlib_libXdmcp [MIT] xlib_libXext [MIT] xlib_libXmu [MIT] xlib_libXpm [MIT] xlib_libXt [MIT] xlib_xtrans [MIT] xorgproto [MIT] xutil_util-macros [MIT]"
"xlib_libXpm","3.5.17","MIT","COPYING COPYRIGHT","libXpm-3.5.17.tar.xz","https://xorg.freedesktop.org/archive/individual/lib","gcc-final [GPL-3.0-with-GCC-exception] glibc [GPL-2.0+ (programs), LGPL-2.1+, BSD-3-Clause, MIT (library)] libxcb [MIT] linux-headers [GPL-2.0] skeleton-init-common [unknown] skeleton-init-systemd [unknown] xcb-proto [MIT] xlib_libICE [MIT] xlib_libSM [MIT] xlib_libX11 [MIT] xlib_libXau [MIT] xlib_libXdmcp [MIT] xlib_libXext [MIT] xlib_libXt [MIT] xlib_xtrans [MIT] xorgproto [MIT] xutil_util-macros [MIT]"
"xapp_xdm","1.1.14","MIT","COPYING","xdm-1.1.14.tar.xz","https://xorg.freedesktop.org/archive/individual/app","gcc-final [GPL-3.0-with-GCC-exception] glibc [GPL-2.0+ (programs), LGPL-2.1+, BSD-3-Clause, MIT (library)] libxcb [MIT] linux-headers [GPL-2.0] skeleton-init-common [unknown] skeleton-init-systemd [unknown] xapp_sessreg [MIT] xapp_xrdb [MIT] xcb-proto [MIT] xlib_libICE [MIT] xlib_libSM [MIT] xlib_libX11 [MIT] xlib_libXau [MIT] xlib_libXaw [MIT] xlib_libXdmcp [MIT] xlib_libXext [MIT] xlib_libXinerama [MIT] xlib_libXmu [MIT] xlib_libXpm [MIT] xlib_libXt [MIT] xlib_xtrans [MIT] xorgproto [MIT] xutil_util-macros [MIT]"
"xapp_xrdb","1.2.2","MIT","COPYING","xrdb-1.2.2.tar.xz","https://xorg.freedesktop.org/archive/individual/app","gcc-final [GPL-3.0-with-GCC-exception] glibc [GPL-2.0+ (programs), LGPL-2.1+, BSD-3-Clause, MIT (library)] libxcb [MIT] linux-headers [GPL-2.0] skeleton-init-common [unknown] skeleton-init-systemd [unknown] xcb-proto [MIT] xlib_libICE [MIT] xlib_libSM [MIT] xlib_libX11 [MIT] xlib_libXau [MIT] xlib_libXdmcp [MIT] xlib_libXext [MIT] xlib_libXmu [MIT] xlib_libXt [MIT] xlib_xtrans [MIT] xorgproto [MIT] xutil_util-macros [MIT]"
"xlib_libXinerama","1.1.5","MIT","COPYING","libXinerama-1.1.5.tar.xz","https://xorg.freedesktop.org/archive/individual/lib","gcc-final [GPL-3.0-with-GCC-exception] glibc [GPL-2.0+ (programs), LGPL-2.1+, BSD-3-Clause, MIT (library)] libxcb [MIT] linux-headers [GPL-2.0] skeleton-init-common [unknown] skeleton-init-systemd [unknown] xcb-proto [MIT] xlib_libX11 [MIT] xlib_libXau [MIT] xlib_libXdmcp [MIT] xlib_libXext [MIT] xlib_xtrans [MIT] xorgproto [MIT] xutil_util-macros [MIT]"
"xapp_xinit","1.4.2","MIT","COPYING","xinit-1.4.2.tar.xz","https://xorg.freedesktop.org/archive/individual/app","gcc-final [GPL-3.0-with-GCC-exception] glibc [GPL-2.0+ (programs), LGPL-2.1+, BSD-3-Clause, MIT (library)] libxcb [MIT] linux-headers [GPL-2.0] skeleton-init-common [unknown] skeleton-init-systemd [unknown] xapp_xauth [MIT] xcb-proto [MIT] xlib_libICE [MIT] xlib_libSM [MIT] xlib_libX11 [MIT] xlib_libXau [MIT] xlib_libXdmcp [MIT] xlib_libXext [MIT] xlib_libXmu [MIT] xlib_libXt [MIT] xlib_xtrans [MIT] xorgproto [MIT] xutil_util-macros [MIT]"
"xapp_xinput","1.6.4","MIT","COPYING","xinput-1.6.4.tar.xz","https://xorg.freedesktop.org/archive/individual/app","gcc-final [GPL-3.0-with-GCC-exception] glibc [GPL-2.0+ (programs), LGPL-2.1+, BSD-3-Clause, MIT (library)] libxcb [MIT] linux-headers [GPL-2.0] skeleton-init-common [unknown] skeleton-init-systemd [unknown] xcb-proto [MIT] xlib_libX11 [MIT] xlib_libXau [MIT] xlib_libXdmcp [MIT] xlib_libXext [MIT] xlib_libXfixes [MIT] xlib_libXi [MIT] xlib_libXinerama [MIT] xlib_libXrandr [MIT] xlib_libXrender [MIT] xlib_xtrans [MIT] xorgproto [MIT] xutil_util-macros [MIT]"
"xlib_libXi","1.8.1","MIT","COPYING","libXi-1.8.1.tar.xz","https://xorg.freedesktop.org/archive/individual/lib","gcc-final [GPL-3.0-with-GCC-exception] glibc [GPL-2.0+ (programs), LGPL-2.1+, BSD-3-Clause, MIT (library)] libxcb [MIT] linux-headers [GPL-2.0] skeleton-init-common [unknown] skeleton-init-systemd [unknown] xcb-proto [MIT] xlib_libX11 [MIT] xlib_libXau [MIT] xlib_libXdmcp [MIT] xlib_libXext [MIT] xlib_libXfixes [MIT] xlib_xtrans [MIT] xorgproto [MIT] xutil_util-macros [MIT]"
"xlib_libXfixes","6.0.1","MIT","COPYING","libXfixes-6.0.1.tar.xz","https://xorg.freedesktop.org/archive/individual/lib","gcc-final [GPL-3.0-with-GCC-exception] glibc [GPL-2.0+ (programs), LGPL-2.1+, BSD-3-Clause, MIT (library)] libxcb [MIT] linux-headers [GPL-2.0] skeleton-init-common [unknown] skeleton-init-systemd [unknown] xcb-proto [MIT] xlib_libX11 [MIT] xlib_libXau [MIT] xlib_libXdmcp [MIT] xlib_xtrans [MIT] xorgproto [MIT] xutil_util-macros [MIT]"
"xlib_libXrandr","1.5.3","MIT","COPYING","libXrandr-1.5.3.tar.xz","https://xorg.freedesktop.org/archive/individual/lib","gcc-final [GPL-3.0-with-GCC-exception] glibc [GPL-2.0+ (programs), LGPL-2.1+, BSD-3-Clause, MIT (library)] libxcb [MIT] linux-headers [GPL-2.0] skeleton-init-common [unknown] skeleton-init-systemd [unknown] xcb-proto [MIT] xlib_libX11 [MIT] xlib_libXau [MIT] xlib_libXdmcp [MIT] xlib_libXext [MIT] xlib_libXrender [MIT] xlib_xtrans [MIT] xorgproto [MIT] xutil_util-macros [MIT]"
"xapp_xkbcomp","1.4.6","MIT","COPYING","xkbcomp-1.4.6.tar.xz","http://xorg.freedesktop.org/releases/individual/app","gcc-final [GPL-3.0-with-GCC-exception] glibc [GPL-2.0+ (programs), LGPL-2.1+, BSD-3-Clause, MIT (library)] libxcb [MIT] linux-headers [GPL-2.0] skeleton-init-common [unknown] skeleton-init-systemd [unknown] xcb-proto [MIT] xlib_libX11 [MIT] xlib_libXau [MIT] xlib_libXdmcp [MIT] xlib_libxkbfile [MIT] xlib_xtrans [MIT] xorgproto [MIT] xutil_util-macros [MIT]"
"xlib_libxkbfile","1.1.2","MIT","COPYING","libxkbfile-1.1.2.tar.xz","http://xorg.freedesktop.org/releases/individual/lib","gcc-final [GPL-3.0-with-GCC-exception] glibc [GPL-2.0+ (programs), LGPL-2.1+, BSD-3-Clause, MIT (library)] libxcb [MIT] linux-headers [GPL-2.0] skeleton-init-common [unknown] skeleton-init-systemd [unknown] xcb-proto [MIT] xlib_libX11 [MIT] xlib_libXau [MIT] xlib_libXdmcp [MIT] xlib_xtrans [MIT] xorgproto [MIT] xutil_util-macros [MIT]"
"xapp_xrandr","1.5.2","MIT","COPYING","xrandr-1.5.2.tar.xz","https://xorg.freedesktop.org/archive/individual/app","gcc-final [GPL-3.0-with-GCC-exception] glibc [GPL-2.0+ (programs), LGPL-2.1+, BSD-3-Clause, MIT (library)] libxcb [MIT] linux-headers [GPL-2.0] skeleton-init-common [unknown] skeleton-init-systemd [unknown] xcb-proto [MIT] xlib_libX11 [MIT] xlib_libXau [MIT] xlib_libXdmcp [MIT] xlib_libXext [MIT] xlib_libXrandr [MIT] xlib_libXrender [MIT] xlib_xtrans [MIT] xorgproto [MIT] xutil_util-macros [MIT]"
"xapp_xset","1.2.5","MIT","COPYING","xset-1.2.5.tar.xz","https://xorg.freedesktop.org/archive/individual/app","gcc-final [GPL-3.0-with-GCC-exception] glibc [GPL-2.0+ (programs), LGPL-2.1+, BSD-3-Clause, MIT (library)] libxcb [MIT] linux-headers [GPL-2.0] skeleton-init-common [unknown] skeleton-init-systemd [unknown] xcb-proto [MIT] xlib_libICE [MIT] xlib_libSM [MIT] xlib_libX11 [MIT] xlib_libXau [MIT] xlib_libXdmcp [MIT] xlib_libXext [MIT] xlib_libXmu [MIT] xlib_libXt [MIT] xlib_xtrans [MIT] xorgproto [MIT] xutil_util-macros [MIT]"
"xapp_xsetmode","1.0.0","MIT","COPYING","xsetmode-1.0.0.tar.bz2","http://xorg.freedesktop.org/releases/individual/app","gcc-final [GPL-3.0-with-GCC-exception] glibc [GPL-2.0+ (programs), LGPL-2.1+, BSD-3-Clause, MIT (library)] libxcb [MIT] linux-headers [GPL-2.0] skeleton-init-common [unknown] skeleton-init-systemd [unknown] xcb-proto [MIT] xlib_libX11 [MIT] xlib_libXau [MIT] xlib_libXdmcp [MIT] xlib_libXext [MIT] xlib_libXfixes [MIT] xlib_libXi [MIT] xlib_xtrans [MIT] xorgproto [MIT] xutil_util-macros [MIT]"
"xapp_xvinfo","1.1.5","MIT","COPYING","xvinfo-1.1.5.tar.xz","https://xorg.freedesktop.org/archive/individual/app","gcc-final [GPL-3.0-with-GCC-exception] glibc [GPL-2.0+ (programs), LGPL-2.1+, BSD-3-Clause, MIT (library)] libxcb [MIT] linux-headers [GPL-2.0] skeleton-init-common [unknown] skeleton-init-systemd [unknown] xcb-proto [MIT] xlib_libX11 [MIT] xlib_libXau [MIT] xlib_libXdmcp [MIT] xlib_libXext [MIT] xlib_libXv [ISC-like] xlib_xtrans [MIT] xorgproto [MIT] xutil_util-macros [MIT]"
"xlib_libXv","1.0.12","ISC-like","COPYING","libXv-1.0.12.tar.xz","http://xorg.freedesktop.org/releases/individual/lib","gcc-final [GPL-3.0-with-GCC-exception] glibc [GPL-2.0+ (programs), LGPL-2.1+, BSD-3-Clause, MIT (library)] libxcb [MIT] linux-headers [GPL-2.0] skeleton-init-common [unknown] skeleton-init-systemd [unknown] xcb-proto [MIT] xlib_libX11 [MIT] xlib_libXau [MIT] xlib_libXdmcp [MIT] xlib_libXext [MIT] xlib_xtrans [MIT] xorgproto [MIT] xutil_util-macros [MIT]"
"xapp_xwininfo","1.1.6","MIT","COPYING","xwininfo-1.1.6.tar.xz","https://xorg.freedesktop.org/archive/individual/app","gcc-final [GPL-3.0-with-GCC-exception] glibc [GPL-2.0+ (programs), LGPL-2.1+, BSD-3-Clause, MIT (library)] libxcb [MIT] linux-headers [GPL-2.0] skeleton-init-common [unknown] skeleton-init-systemd [unknown] xcb-proto [MIT] xlib_libICE [MIT] xlib_libSM [MIT] xlib_libX11 [MIT] xlib_libXau [MIT] xlib_libXdmcp [MIT] xlib_libXext [MIT] xlib_libXmu [MIT] xlib_libXt [MIT] xlib_xtrans [MIT] xorgproto [MIT] xutil_util-macros [MIT]"
"xdata_xbitmaps","1.1.3","MIT","COPYING","xbitmaps-1.1.3.tar.xz","https://xorg.freedesktop.org/archive/individual/data","gcc-final [GPL-3.0-with-GCC-exception] glibc [GPL-2.0+ (programs), LGPL-2.1+, BSD-3-Clause, MIT (library)] linux-headers [GPL-2.0] skeleton-init-common [unknown] skeleton-init-systemd [unknown]"
"xdriver_xf86-input-evdev","2.10.6","MIT","COPYING","xf86-input-evdev-2.10.6.tar.bz2","http://xorg.freedesktop.org/releases/individual/driver","dbus [AFL-2.1 or GPL-2.0+ (library, tools), GPL-2.0+ (tools)] expat [MIT] fontconfig [fontconfig license] freetype [FTL or GPL-2.0+] gcc-final [GPL-3.0-with-GCC-exception] glibc [GPL-2.0+ (programs), LGPL-2.1+, BSD-3-Clause, MIT (library)] kmod [LGPL-2.1+ (library) , GPL-2.0+ (tools)] libcap [GPL-2.0 or BSD-3-Clause] libdrm [MIT] libevdev [MIT] libopenssl [Apache-2.0] libpciaccess [MIT] libpng [Libpng-2.0] libpthread-stubs [MIT] libxcb [MIT] libxcrypt [LGPL-2.1+] libzlib [Zlib] linux-headers [GPL-2.0] mcookie [Public Domain] mtdev [MIT] pixman [MIT] skeleton-init-common [unknown] skeleton-init-systemd [unknown] systemd [LGPL-2.1+, GPL-2.0+ (udev), Public Domain (few source files, see LICENSES/README.md), BSD-2-Clause (eBPF instruction mini library), BSD-3-Clause (tools/chromiumos), CC0-1.0 (few source files, see LICENSES/README.md), GPL-2.0 with Linux-syscall-note (linux kernel headers), MIT-0 (few source files, see LICENSES/README.md), MIT (few source files, see LICENSES/README.md), OFL-1.1 (Heebo fonts)] util-linux-libs [LGPL-2.1+ (libblkid, libfdisk, libmount), BSD-3-Clause (libuuid)] xcb-proto [MIT] xdata_xbitmaps [MIT] xfont_encodings [Public Domain] xkeyboard-config [MIT] xlib_libICE [MIT] xlib_libSM [MIT] xlib_libX11 [MIT] xlib_libXau [MIT] xlib_libXcursor [MIT] xlib_libXdamage [MIT] xlib_libXdmcp [MIT] xlib_libXext [MIT] xlib_libXfixes [MIT] xlib_libXfont2 [MIT] xlib_libXft [MIT] xlib_libXi [MIT] xlib_libXinerama [MIT] xlib_libXrandr [MIT] xlib_libXrender [MIT] xlib_libXres [MIT] xlib_libXxf86vm [MIT] xlib_libfontenc [MIT] xlib_libxcvt [MIT] xlib_libxkbfile [MIT] xlib_libxshmfence [MIT] xlib_xtrans [MIT] xorgproto [MIT] xserver_xorg-server [MIT] xutil_util-macros [MIT]"
"xserver_xorg-server","21.1.11","MIT","COPYING","xorg-server-21.1.11.tar.gz","https://xorg.freedesktop.org/archive/individual/xserver","dbus [AFL-2.1 or GPL-2.0+ (library, tools), GPL-2.0+ (tools)] expat [MIT] fontconfig [fontconfig license] freetype [FTL or GPL-2.0+] gcc-final [GPL-3.0-with-GCC-exception] glibc [GPL-2.0+ (programs), LGPL-2.1+, BSD-3-Clause, MIT (library)] kmod [LGPL-2.1+ (library) , GPL-2.0+ (tools)] libcap [GPL-2.0 or BSD-3-Clause] libdrm [MIT] libopenssl [Apache-2.0] libpciaccess [MIT] libpng [Libpng-2.0] libpthread-stubs [MIT] libxcb [MIT] libxcrypt [LGPL-2.1+] libzlib [Zlib] linux-headers [GPL-2.0] mcookie [Public Domain] pixman [MIT] skeleton-init-common [unknown] skeleton-init-systemd [unknown] systemd [LGPL-2.1+, GPL-2.0+ (udev), Public Domain (few source files, see LICENSES/README.md), BSD-2-Clause (eBPF instruction mini library), BSD-3-Clause (tools/chromiumos), CC0-1.0 (few source files, see LICENSES/README.md), GPL-2.0 with Linux-syscall-note (linux kernel headers), MIT-0 (few source files, see LICENSES/README.md), MIT (few source files, see LICENSES/README.md), OFL-1.1 (Heebo fonts)] util-linux-libs [LGPL-2.1+ (libblkid, libfdisk, libmount), BSD-3-Clause (libuuid)] xcb-proto [MIT] xdata_xbitmaps [MIT] xfont_encodings [Public Domain] xkeyboard-config [MIT] xlib_libICE [MIT] xlib_libSM [MIT] xlib_libX11 [MIT] xlib_libXau [MIT] xlib_libXcursor [MIT] xlib_libXdamage [MIT] xlib_libXdmcp [MIT] xlib_libXext [MIT] xlib_libXfixes [MIT] xlib_libXfont2 [MIT] xlib_libXft [MIT] xlib_libXi [MIT] xlib_libXinerama [MIT] xlib_libXrandr [MIT] xlib_libXrender [MIT] xlib_libXres [MIT] xlib_libXxf86vm [MIT] xlib_libfontenc [MIT] xlib_libxcvt [MIT] xlib_libxkbfile [MIT] xlib_libxshmfence [MIT] xlib_xtrans [MIT] xorgproto [MIT] xutil_util-macros [MIT]"
"xkeyboard-config","2.38","MIT","COPYING","xkeyboard-config-2.38.tar.xz","https://www.x.org/releases/individual/data/xkeyboard-config","gcc-final [GPL-3.0-with-GCC-exception] glibc [GPL-2.0+ (programs), LGPL-2.1+, BSD-3-Clause, MIT (library)] linux-headers [GPL-2.0] skeleton-init-common [unknown] skeleton-init-systemd [unknown]"
"xlib_libXcursor","1.2.1","MIT","COPYING","libXcursor-1.2.1.tar.xz","http://xorg.freedesktop.org/releases/individual/lib","gcc-final [GPL-3.0-with-GCC-exception] glibc [GPL-2.0+ (programs), LGPL-2.1+, BSD-3-Clause, MIT (library)] libxcb [MIT] linux-headers [GPL-2.0] skeleton-init-common [unknown] skeleton-init-systemd [unknown] xcb-proto [MIT] xlib_libX11 [MIT] xlib_libXau [MIT] xlib_libXdmcp [MIT] xlib_libXfixes [MIT] xlib_libXrender [MIT] xlib_xtrans [MIT] xorgproto [MIT] xutil_util-macros [MIT]"
"xlib_libXdamage","1.1.6","MIT","COPYING","libXdamage-1.1.6.tar.xz","https://xorg.freedesktop.org/archive/individual/lib","gcc-final [GPL-3.0-with-GCC-exception] glibc [GPL-2.0+ (programs), LGPL-2.1+, BSD-3-Clause, MIT (library)] libxcb [MIT] linux-headers [GPL-2.0] skeleton-init-common [unknown] skeleton-init-systemd [unknown] xcb-proto [MIT] xlib_libX11 [MIT] xlib_libXau [MIT] xlib_libXdmcp [MIT] xlib_libXfixes [MIT] xlib_xtrans [MIT] xorgproto [MIT] xutil_util-macros [MIT]"
"xlib_libXfont2","2.0.6","MIT","COPYING","libXfont2-2.0.6.tar.xz","https://xorg.freedesktop.org/archive/individual/lib","freetype [FTL or GPL-2.0+] gcc-final [GPL-3.0-with-GCC-exception] glibc [GPL-2.0+ (programs), LGPL-2.1+, BSD-3-Clause, MIT (library)] libpng [Libpng-2.0] libzlib [Zlib] linux-headers [GPL-2.0] skeleton-init-common [unknown] skeleton-init-systemd [unknown] xfont_encodings [Public Domain] xlib_libfontenc [MIT] xlib_xtrans [MIT] xorgproto [MIT] xutil_util-macros [MIT]"
"xfont_encodings","1.0.7","Public Domain","COPYING","encodings-1.0.7.tar.xz","https://xorg.freedesktop.org/archive/individual/font","gcc-final [GPL-3.0-with-GCC-exception] glibc [GPL-2.0+ (programs), LGPL-2.1+, BSD-3-Clause, MIT (library)] linux-headers [GPL-2.0] skeleton-init-common [unknown] skeleton-init-systemd [unknown] xutil_util-macros [MIT]"
"xlib_libfontenc","1.1.7","MIT","COPYING","libfontenc-1.1.7.tar.xz","http://xorg.freedesktop.org/releases/individual/lib","gcc-final [GPL-3.0-with-GCC-exception] glibc [GPL-2.0+ (programs), LGPL-2.1+, BSD-3-Clause, MIT (library)] libzlib [Zlib] linux-headers [GPL-2.0] skeleton-init-common [unknown] skeleton-init-systemd [unknown] xorgproto [MIT]"
"xlib_libXres","1.2.2","MIT","COPYING","libXres-1.2.2.tar.xz","https://xorg.freedesktop.org/archive/individual/lib","gcc-final [GPL-3.0-with-GCC-exception] glibc [GPL-2.0+ (programs), LGPL-2.1+, BSD-3-Clause, MIT (library)] libxcb [MIT] linux-headers [GPL-2.0] skeleton-init-common [unknown] skeleton-init-systemd [unknown] xcb-proto [MIT] xlib_libX11 [MIT] xlib_libXau [MIT] xlib_libXdmcp [MIT] xlib_libXext [MIT] xlib_xtrans [MIT] xorgproto [MIT] xutil_util-macros [MIT]"
"xlib_libXxf86vm","1.1.5","MIT","COPYING","libXxf86vm-1.1.5.tar.xz","https://xorg.freedesktop.org/archive/individual/lib","gcc-final [GPL-3.0-with-GCC-exception] glibc [GPL-2.0+ (programs), LGPL-2.1+, BSD-3-Clause, MIT (library)] libxcb [MIT] linux-headers [GPL-2.0] skeleton-init-common [unknown] skeleton-init-systemd [unknown] xcb-proto [MIT] xlib_libX11 [MIT] xlib_libXau [MIT] xlib_libXdmcp [MIT] xlib_libXext [MIT] xlib_xtrans [MIT] xorgproto [MIT] xutil_util-macros [MIT]"
"xlib_libxcvt","0.1.2","MIT","COPYING","libxcvt-0.1.2.tar.xz","https://xorg.freedesktop.org/releases/individual/lib","gcc-final [GPL-3.0-with-GCC-exception] glibc [GPL-2.0+ (programs), LGPL-2.1+, BSD-3-Clause, MIT (library)] linux-headers [GPL-2.0] skeleton-init-common [unknown] skeleton-init-systemd [unknown]"
"xlib_libxshmfence","1.3.2","MIT","COPYING","libxshmfence-1.3.2.tar.xz","http://xorg.freedesktop.org/releases/individual/lib","gcc-final [GPL-3.0-with-GCC-exception] glibc [GPL-2.0+ (programs), LGPL-2.1+, BSD-3-Clause, MIT (library)] linux-headers [GPL-2.0] skeleton-init-common [unknown] skeleton-init-systemd [unknown] xorgproto [MIT]"
"xdriver_xf86-input-mouse","1.9.5","MIT","COPYING","xf86-input-mouse-1.9.5.tar.xz","https://xorg.freedesktop.org/archive/individual/driver","dbus [AFL-2.1 or GPL-2.0+ (library, tools), GPL-2.0+ (tools)] expat [MIT] fontconfig [fontconfig license] freetype [FTL or GPL-2.0+] gcc-final [GPL-3.0-with-GCC-exception] glibc [GPL-2.0+ (programs), LGPL-2.1+, BSD-3-Clause, MIT (library)] kmod [LGPL-2.1+ (library) , GPL-2.0+ (tools)] libcap [GPL-2.0 or BSD-3-Clause] libdrm [MIT] libopenssl [Apache-2.0] libpciaccess [MIT] libpng [Libpng-2.0] libpthread-stubs [MIT] libxcb [MIT] libxcrypt [LGPL-2.1+] libzlib [Zlib] linux-headers [GPL-2.0] mcookie [Public Domain] pixman [MIT] skeleton-init-common [unknown] skeleton-init-systemd [unknown] systemd [LGPL-2.1+, GPL-2.0+ (udev), Public Domain (few source files, see LICENSES/README.md), BSD-2-Clause (eBPF instruction mini library), BSD-3-Clause (tools/chromiumos), CC0-1.0 (few source files, see LICENSES/README.md), GPL-2.0 with Linux-syscall-note (linux kernel headers), MIT-0 (few source files, see LICENSES/README.md), MIT (few source files, see LICENSES/README.md), OFL-1.1 (Heebo fonts)] util-linux-libs [LGPL-2.1+ (libblkid, libfdisk, libmount), BSD-3-Clause (libuuid)] xcb-proto [MIT] xdata_xbitmaps [MIT] xfont_encodings [Public Domain] xkeyboard-config [MIT] xlib_libICE [MIT] xlib_libSM [MIT] xlib_libX11 [MIT] xlib_libXau [MIT] xlib_libXcursor [MIT] xlib_libXdamage [MIT] xlib_libXdmcp [MIT] xlib_libXext [MIT] xlib_libXfixes [MIT] xlib_libXfont2 [MIT] xlib_libXft [MIT] xlib_libXi [MIT] xlib_libXinerama [MIT] xlib_libXrandr [MIT] xlib_libXrender [MIT] xlib_libXres [MIT] xlib_libXxf86vm [MIT] xlib_libfontenc [MIT] xlib_libxcvt [MIT] xlib_libxkbfile [MIT] xlib_libxshmfence [MIT] xlib_xtrans [MIT] xorgproto [MIT] xserver_xorg-server [MIT] xutil_util-macros [MIT]"
"xdriver_xf86-video-cirrus","1.6.0","MIT","COPYING","xf86-video-cirrus-1.6.0.tar.xz","https://xorg.freedesktop.org/releases/individual/driver","dbus [AFL-2.1 or GPL-2.0+ (library, tools), GPL-2.0+ (tools)] expat [MIT] fontconfig [fontconfig license] freetype [FTL or GPL-2.0+] gcc-final [GPL-3.0-with-GCC-exception] glibc [GPL-2.0+ (programs), LGPL-2.1+, BSD-3-Clause, MIT (library)] kmod [LGPL-2.1+ (library) , GPL-2.0+ (tools)] libcap [GPL-2.0 or BSD-3-Clause] libdrm [MIT] libopenssl [Apache-2.0] libpciaccess [MIT] libpng [Libpng-2.0] libpthread-stubs [MIT] libxcb [MIT] libxcrypt [LGPL-2.1+] libzlib [Zlib] linux-headers [GPL-2.0] mcookie [Public Domain] pixman [MIT] skeleton-init-common [unknown] skeleton-init-systemd [unknown] systemd [LGPL-2.1+, GPL-2.0+ (udev), Public Domain (few source files, see LICENSES/README.md), BSD-2-Clause (eBPF instruction mini library), BSD-3-Clause (tools/chromiumos), CC0-1.0 (few source files, see LICENSES/README.md), GPL-2.0 with Linux-syscall-note (linux kernel headers), MIT-0 (few source files, see LICENSES/README.md), MIT (few source files, see LICENSES/README.md), OFL-1.1 (Heebo fonts)] util-linux-libs [LGPL-2.1+ (libblkid, libfdisk, libmount), BSD-3-Clause (libuuid)] xcb-proto [MIT] xdata_xbitmaps [MIT] xfont_encodings [Public Domain] xkeyboard-config [MIT] xlib_libICE [MIT] xlib_libSM [MIT] xlib_libX11 [MIT] xlib_libXau [MIT] xlib_libXcursor [MIT] xlib_libXdamage [MIT] xlib_libXdmcp [MIT] xlib_libXext [MIT] xlib_libXfixes [MIT] xlib_libXfont2 [MIT] xlib_libXft [MIT] xlib_libXi [MIT] xlib_libXinerama [MIT] xlib_libXrandr [MIT] xlib_libXrender [MIT] xlib_libXres [MIT] xlib_libXxf86vm [MIT] xlib_libfontenc [MIT] xlib_libxcvt [MIT] xlib_libxkbfile [MIT] xlib_libxshmfence [MIT] xlib_xtrans [MIT] xorgproto [MIT] xserver_xorg-server [MIT] xutil_util-macros [MIT]"
"xdriver_xf86-video-fbdev","0.5.0","MIT","COPYING","xf86-video-fbdev-0.5.0.tar.bz2","http://xorg.freedesktop.org/releases/individual/driver","dbus [AFL-2.1 or GPL-2.0+ (library, tools), GPL-2.0+ (tools)] expat [MIT] fontconfig [fontconfig license] freetype [FTL or GPL-2.0+] gcc-final [GPL-3.0-with-GCC-exception] glibc [GPL-2.0+ (programs), LGPL-2.1+, BSD-3-Clause, MIT (library)] kmod [LGPL-2.1+ (library) , GPL-2.0+ (tools)] libcap [GPL-2.0 or BSD-3-Clause] libdrm [MIT] libopenssl [Apache-2.0] libpciaccess [MIT] libpng [Libpng-2.0] libpthread-stubs [MIT] libxcb [MIT] libxcrypt [LGPL-2.1+] libzlib [Zlib] linux-headers [GPL-2.0] mcookie [Public Domain] pixman [MIT] skeleton-init-common [unknown] skeleton-init-systemd [unknown] systemd [LGPL-2.1+, GPL-2.0+ (udev), Public Domain (few source files, see LICENSES/README.md), BSD-2-Clause (eBPF instruction mini library), BSD-3-Clause (tools/chromiumos), CC0-1.0 (few source files, see LICENSES/README.md), GPL-2.0 with Linux-syscall-note (linux kernel headers), MIT-0 (few source files, see LICENSES/README.md), MIT (few source files, see LICENSES/README.md), OFL-1.1 (Heebo fonts)] util-linux-libs [LGPL-2.1+ (libblkid, libfdisk, libmount), BSD-3-Clause (libuuid)] xcb-proto [MIT] xdata_xbitmaps [MIT] xfont_encodings [Public Domain] xkeyboard-config [MIT] xlib_libICE [MIT] xlib_libSM [MIT] xlib_libX11 [MIT] xlib_libXau [MIT] xlib_libXcursor [MIT] xlib_libXdamage [MIT] xlib_libXdmcp [MIT] xlib_libXext [MIT] xlib_libXfixes [MIT] xlib_libXfont2 [MIT] xlib_libXft [MIT] xlib_libXi [MIT] xlib_libXinerama [MIT] xlib_libXrandr [MIT] xlib_libXrender [MIT] xlib_libXres [MIT] xlib_libXxf86vm [MIT] xlib_libfontenc [MIT] xlib_libxcvt [MIT] xlib_libxkbfile [MIT] xlib_libxshmfence [MIT] xlib_xtrans [MIT] xorgproto [MIT] xserver_xorg-server [MIT] xutil_util-macros [MIT]"
"xdriver_xf86-video-fbturbo","0.4.0","MIT","COPYING","xdriver_xf86-video-fbturbo-0.4.0.tar.gz","https://github.com/ssvb/xf86-video-fbturbo/archive/0.4.0","dbus [AFL-2.1 or GPL-2.0+ (library, tools), GPL-2.0+ (tools)] expat [MIT] fontconfig [fontconfig license] freetype [FTL or GPL-2.0+] gcc-final [GPL-3.0-with-GCC-exception] glibc [GPL-2.0+ (programs), LGPL-2.1+, BSD-3-Clause, MIT (library)] kmod [LGPL-2.1+ (library) , GPL-2.0+ (tools)] libcap [GPL-2.0 or BSD-3-Clause] libdrm [MIT] libopenssl [Apache-2.0] libpciaccess [MIT] libpng [Libpng-2.0] libpthread-stubs [MIT] libxcb [MIT] libxcrypt [LGPL-2.1+] libzlib [Zlib] linux-headers [GPL-2.0] mcookie [Public Domain] pixman [MIT] skeleton-init-common [unknown] skeleton-init-systemd [unknown] systemd [LGPL-2.1+, GPL-2.0+ (udev), Public Domain (few source files, see LICENSES/README.md), BSD-2-Clause (eBPF instruction mini library), BSD-3-Clause (tools/chromiumos), CC0-1.0 (few source files, see LICENSES/README.md), GPL-2.0 with Linux-syscall-note (linux kernel headers), MIT-0 (few source files, see LICENSES/README.md), MIT (few source files, see LICENSES/README.md), OFL-1.1 (Heebo fonts)] util-linux-libs [LGPL-2.1+ (libblkid, libfdisk, libmount), BSD-3-Clause (libuuid)] xcb-proto [MIT] xdata_xbitmaps [MIT] xfont_encodings [Public Domain] xkeyboard-config [MIT] xlib_libICE [MIT] xlib_libSM [MIT] xlib_libX11 [MIT] xlib_libXau [MIT] xlib_libXcursor [MIT] xlib_libXdamage [MIT] xlib_libXdmcp [MIT] xlib_libXext [MIT] xlib_libXfixes [MIT] xlib_libXfont2 [MIT] xlib_libXft [MIT] xlib_libXi [MIT] xlib_libXinerama [MIT] xlib_libXrandr [MIT] xlib_libXrender [MIT] xlib_libXres [MIT] xlib_libXxf86vm [MIT] xlib_libfontenc [MIT] xlib_libxcvt [MIT] xlib_libxkbfile [MIT] xlib_libxshmfence [MIT] xlib_xtrans [MIT] xorgproto [MIT] xserver_xorg-server [MIT] xutil_util-macros [MIT]"
"xdriver_xf86-video-vesa","2.6.0","MIT","COPYING","xf86-video-vesa-2.6.0.tar.xz","https://xorg.freedesktop.org/archive/individual/driver","dbus [AFL-2.1 or GPL-2.0+ (library, tools), GPL-2.0+ (tools)] expat [MIT] fontconfig [fontconfig license] freetype [FTL or GPL-2.0+] gcc-final [GPL-3.0-with-GCC-exception] glibc [GPL-2.0+ (programs), LGPL-2.1+, BSD-3-Clause, MIT (library)] kmod [LGPL-2.1+ (library) , GPL-2.0+ (tools)] libcap [GPL-2.0 or BSD-3-Clause] libdrm [MIT] libopenssl [Apache-2.0] libpciaccess [MIT] libpng [Libpng-2.0] libpthread-stubs [MIT] libxcb [MIT] libxcrypt [LGPL-2.1+] libzlib [Zlib] linux-headers [GPL-2.0] mcookie [Public Domain] pixman [MIT] skeleton-init-common [unknown] skeleton-init-systemd [unknown] systemd [LGPL-2.1+, GPL-2.0+ (udev), Public Domain (few source files, see LICENSES/README.md), BSD-2-Clause (eBPF instruction mini library), BSD-3-Clause (tools/chromiumos), CC0-1.0 (few source files, see LICENSES/README.md), GPL-2.0 with Linux-syscall-note (linux kernel headers), MIT-0 (few source files, see LICENSES/README.md), MIT (few source files, see LICENSES/README.md), OFL-1.1 (Heebo fonts)] util-linux-libs [LGPL-2.1+ (libblkid, libfdisk, libmount), BSD-3-Clause (libuuid)] xcb-proto [MIT] xdata_xbitmaps [MIT] xfont_encodings [Public Domain] xkeyboard-config [MIT] xlib_libICE [MIT] xlib_libSM [MIT] xlib_libX11 [MIT] xlib_libXau [MIT] xlib_libXcursor [MIT] xlib_libXdamage [MIT] xlib_libXdmcp [MIT] xlib_libXext [MIT] xlib_libXfixes [MIT] xlib_libXfont2 [MIT] xlib_libXft [MIT] xlib_libXi [MIT] xlib_libXinerama [MIT] xlib_libXrandr [MIT] xlib_libXrender [MIT] xlib_libXres [MIT] xlib_libXxf86vm [MIT] xlib_libfontenc [MIT] xlib_libxcvt [MIT] xlib_libxkbfile [MIT] xlib_libxshmfence [MIT] xlib_xtrans [MIT] xorgproto [MIT] xserver_xorg-server [MIT] xutil_util-macros [MIT]"
"xfont_font-alias","1.0.5","MIT","COPYING","font-alias-1.0.5.tar.xz","https://xorg.freedesktop.org/archive/individual/font","gcc-final [GPL-3.0-with-GCC-exception] glibc [GPL-2.0+ (programs), LGPL-2.1+, BSD-3-Clause, MIT (library)] linux-headers [GPL-2.0] skeleton-init-common [unknown] skeleton-init-systemd [unknown] xfont_font-util [MIT/BSD-2-Clause]"
"xfont_font-util","1.4.0","MIT/BSD-2-Clause","COPYING","font-util-1.4.0.tar.xz","https://xorg.freedesktop.org/archive/individual/font","gcc-final [GPL-3.0-with-GCC-exception] glibc [GPL-2.0+ (programs), LGPL-2.1+, BSD-3-Clause, MIT (library)] linux-headers [GPL-2.0] skeleton-init-common [unknown] skeleton-init-systemd [unknown]"
"xfont_font-cursor-misc","1.0.4","unencumbered","COPYING","font-cursor-misc-1.0.4.tar.xz","https://xorg.freedesktop.org/archive/individual/font","gcc-final [GPL-3.0-with-GCC-exception] glibc [GPL-2.0+ (programs), LGPL-2.1+, BSD-3-Clause, MIT (library)] linux-headers [GPL-2.0] skeleton-init-common [unknown] skeleton-init-systemd [unknown] xfont_font-util [MIT/BSD-2-Clause]"
"xfont_font-misc-misc","1.1.3","Public Domain","COPYING","font-misc-misc-1.1.3.tar.xz","https://xorg.freedesktop.org/archive/individual/font","gcc-final [GPL-3.0-with-GCC-exception] glibc [GPL-2.0+ (programs), LGPL-2.1+, BSD-3-Clause, MIT (library)] linux-headers [GPL-2.0] skeleton-init-common [unknown] skeleton-init-systemd [unknown] xfont_font-util [MIT/BSD-2-Clause]"
"xlib_libXfont","1.5.4","MIT","COPYING","libXfont-1.5.4.tar.bz2","http://xorg.freedesktop.org/releases/individual/lib","freetype [FTL or GPL-2.0+] gcc-final [GPL-3.0-with-GCC-exception] glibc [GPL-2.0+ (programs), LGPL-2.1+, BSD-3-Clause, MIT (library)] libpng [Libpng-2.0] libzlib [Zlib] linux-headers [GPL-2.0] skeleton-init-common [unknown] skeleton-init-systemd [unknown] xlib_libfontenc [MIT] xlib_xtrans [MIT] xorgproto [MIT]"
"xterm","389","MIT","COPYING","xterm-389.tgz","http://invisible-mirror.net/archives/xterm","expat [MIT] fontconfig [fontconfig license] freetype [FTL or GPL-2.0+] gcc-final [GPL-3.0-with-GCC-exception] glibc [GPL-2.0+ (programs), LGPL-2.1+, BSD-3-Clause, MIT (library)] libpng [Libpng-2.0] libxcb [MIT] libxcrypt [LGPL-2.1+] libzlib [Zlib] linux-headers [GPL-2.0] ncurses [MIT with advertising clause] skeleton-init-common [unknown] skeleton-init-systemd [unknown] util-linux-libs [LGPL-2.1+ (libblkid, libfdisk, libmount), BSD-3-Clause (libuuid)] xcb-proto [MIT] xlib_libICE [MIT] xlib_libSM [MIT] xlib_libX11 [MIT] xlib_libXau [MIT] xlib_libXaw [MIT] xlib_libXdmcp [MIT] xlib_libXext [MIT] xlib_libXft [MIT] xlib_libXinerama [MIT] xlib_libXmu [MIT] xlib_libXpm [MIT] xlib_libXrender [MIT] xlib_libXt [MIT] xlib_xtrans [MIT] xorgproto [MIT] xutil_util-macros [MIT]"
